Author,Year,User Rating,Reviews,Name,Price,Genre
Abraham Verghese,2010,4.6,4866,Cutting for Stone,11.0,Fiction
Abraham Verghese,2011,4.6,4866,Cutting for Stone,11.0,Fiction
Adam Gasiewski,2017,4.4,3113,Milk and Vine: Inspirational Quotes From Classic Vines,6.0,Non Fiction
Adam Mansbach,2011,4.8,9568,Go the F**k to Sleep,9.0,Fiction
Adir Levy,2019,4.8,8170,What Should Danny Do? (The Power to Choose Series),13.0,Fiction
Admiral William H. McRaven,2017,4.7,10199,Make Your Bed: Little Things That Can Change Your Life...And Maybe the World,11.0,Non Fiction
Adult Coloring Book Designs,2016,4.5,2313,"Adult Coloring Book Designs: Stress Relief Coloring Book: Garden Designs, Mandalas, Animals, and Paisley Patterns",4.0,Non Fiction
Alan Moore,2009,4.8,3829,Watchmen,42.0,Fiction
Alex Michaelides,2019,4.5,27536,The Silent Patient,14.0,Fiction
Allie Brosh,2013,4.7,4896,"Hyperbole and a Half: Unfortunate Situations, Flawed Coping Mechanisms, Mayhem, and Other Things That Happened",17.0,Non Fiction
American Psychiatric Association,2013,4.5,6679,"Diagnostic and Statistical Manual of Mental Disorders, 5th Edition: DSM-5",105.0,Non Fiction
American Psychiatric Association,2014,4.5,6679,"Diagnostic and Statistical Manual of Mental Disorders, 5th Edition: DSM-5",105.0,Non Fiction
American Psychological Association,2009,4.5,8580,"Publication Manual of the American Psychological Association, 6th Edition",46.0,Non Fiction
American Psychological Association,2010,4.5,8580,"Publication Manual of the American Psychological Association, 6th Edition",46.0,Non Fiction
American Psychological Association,2011,4.5,8580,"Publication Manual of the American Psychological Association, 6th Edition",46.0,Non Fiction
American Psychological Association,2012,4.5,8580,"Publication Manual of the American Psychological Association, 6th Edition",46.0,Non Fiction
American Psychological Association,2013,4.5,8580,"Publication Manual of the American Psychological Association, 6th Edition",46.0,Non Fiction
American Psychological Association,2014,4.5,8580,"Publication Manual of the American Psychological Association, 6th Edition",46.0,Non Fiction
American Psychological Association,2015,4.5,8580,"Publication Manual of the American Psychological Association, 6th Edition",46.0,Non Fiction
American Psychological Association,2016,4.5,8580,"Publication Manual of the American Psychological Association, 6th Edition",46.0,Non Fiction
American Psychological Association,2017,4.5,8580,"Publication Manual of the American Psychological Association, 6th Edition",46.0,Non Fiction
American Psychological Association,2018,4.5,8580,"Publication Manual of the American Psychological Association, 6th Edition",46.0,Non Fiction
Amor Towles,2017,4.7,19699,A Gentleman in Moscow: A Novel,15.0,Fiction
Amy Ramos,2018,4.3,13061,The Complete Ketogenic Diet for Beginners: Your Essential Guide to Living the Keto Lifestyle,6.0,Non Fiction
Amy Ramos,2019,4.3,13061,The Complete Ketogenic Diet for Beginners: Your Essential Guide to Living the Keto Lifestyle,6.0,Non Fiction
Amy Shields,2019,4.8,7866,National Geographic Little Kids First Big Book of Why (National Geographic Little Kids First Big Books),11.0,Non Fiction
Andy Weir,2015,4.7,39459,The Martian,9.0,Fiction
Angie Grace,2015,4.6,1909,Balance (Angie's Extreme Stress Menders),11.0,Non Fiction
Angie Thomas,2018,4.8,9947,The Hate U Give,11.0,Fiction
Ann Voskamp,2011,4.6,3163,One Thousand Gifts: A Dare to Live Fully Right Where You Are,13.0,Non Fiction
Ann Voskamp,2012,4.6,3163,One Thousand Gifts: A Dare to Live Fully Right Where You Are,13.0,Non Fiction
Ann Whitford Paul,2017,4.8,16643,If Animals Kissed Good Night,4.0,Fiction
Ann Whitford Paul,2019,4.8,16643,If Animals Kissed Good Night,4.0,Fiction
Anthony Bourdain,2018,4.8,2507,Kitchen Confidential Updated Edition: Adventures in the Culinary Underbelly (P.S.),8.0,Non Fiction
Anthony Doerr,2014,4.6,36348,All the Light We Cannot See,14.0,Fiction
Anthony Doerr,2015,4.6,36348,All the Light We Cannot See,14.0,Fiction
Atul Gawande,2015,4.8,11113,Being Mortal: Medicine and What Matters in the End,15.0,Non Fiction
Audrey Niffenegger,2009,4.4,3759,The Time Traveler's Wife,6.0,Fiction
B. J. Novak,2014,4.8,8081,The Book with No Pictures,8.0,Fiction
B. J. Novak,2015,4.8,8081,The Book with No Pictures,8.0,Fiction
Bessel van der Kolk M.D.,2019,4.8,12361,"The Body Keeps the Score: Brain, Mind, and Body in the Healing of Trauma",12.0,Non Fiction
Bill Martin Jr.,2017,4.9,14344,"Brown Bear, Brown Bear, What Do You See?",5.0,Fiction
Bill Martin Jr.,2019,4.9,14344,"Brown Bear, Brown Bear, What Do You See?",5.0,Fiction
Bill O'Reilly,2011,4.7,9342,Killing Lincoln: The Shocking Assassination that Changed America Forever (Bill O'Reilly's Killing Series),10.0,Non Fiction
Bill O'Reilly,2012,4.6,8634,Killing Kennedy: The End of Camelot,25.0,Non Fiction
Bill O'Reilly,2012,4.7,9342,Killing Lincoln: The Shocking Assassination that Changed America Forever (Bill O'Reilly's Killing Series),10.0,Non Fiction
Bill O'Reilly,2013,4.5,11391,Killing Jesus (Bill O'Reilly's Killing Series),12.0,Non Fiction
Bill O'Reilly,2014,4.6,10927,Killing Patton: The Strange Death of World War II's Most Audacious General (Bill O'Reilly's Killing Series),6.0,Non Fiction
Bill O'Reilly,2015,4.6,5235,Killing Reagan: The Violent Assault That Changed a Presidency (Bill O'Reilly's Killing Series),5.0,Non Fiction
Bill O'Reilly,2016,4.8,8916,Killing the Rising Sun: How America Vanquished World War II Japan (Bill O'Reilly's Killing Series),6.0,Non Fiction
Bill Simmons,2009,4.7,858,The Book of Basketball: The NBA According to The Sports Guy,53.0,Non Fiction
Blue Star Coloring,2015,4.4,2951,Adult Coloring Book: Stress Relieving Patterns,6.0,Non Fiction
Blue Star Coloring,2015,4.6,2925,Adult Coloring Book: Stress Relieving Animal Designs,6.0,Non Fiction
Bob Woodward,2018,4.4,6042,Fear: Trump in the White House,2.0,Non Fiction
Brandon Stanton,2013,4.8,3490,Humans of New York,15.0,Non Fiction
Brandon Stanton,2014,4.8,3490,Humans of New York,15.0,Non Fiction
Brandon Stanton,2015,4.9,2812,Humans of New York : Stories,17.0,Non Fiction
Brené Brown,2013,4.8,1329,"Daring Greatly: How the Courage to Be Vulnerable Transforms the Way We Live, Love, Parent, and Lead",10.0,Non Fiction
Brian Kilmeade,2013,4.6,4799,George Washington's Secret Six: The Spy Ring That Saved the American Revolution,16.0,Non Fiction
Bruce Springsteen,2016,4.7,3729,Born to Run,18.0,Non Fiction
Carol S. Dweck,2014,4.6,5542,Mindset: The New Psychology of Success,10.0,Non Fiction
Carol S. Dweck,2015,4.6,5542,Mindset: The New Psychology of Success,10.0,Non Fiction
Carol S. Dweck,2016,4.6,5542,Mindset: The New Psychology of Success,10.0,Non Fiction
Celeste Ng,2018,4.5,25706,Little Fires Everywhere,12.0,Fiction
Charlaine Harris,2009,4.6,1541,Dead And Gone: A Sookie Stackhouse Novel (Sookie Stackhouse/True Blood),4.0,Fiction
Charlaine Harris,2009,4.7,973,Sookie Stackhouse,25.0,Fiction
Charlaine Harris,2010,4.3,1924,"Dead in the Family (Sookie Stackhouse/True Blood, Book 10)",8.0,Fiction
Charlaine Harris,2011,4.2,2094,"Dead Reckoning (Sookie Stackhouse/True Blood, Book 11)",4.0,Fiction
Charles Duhigg,2012,4.6,10795,The Power of Habit: Why We Do What We Do in Life and Business,21.0,Non Fiction
Charles Krauthammer,2013,4.7,7034,"Things That Matter: Three Decades of Passions, Pastimes and Politics [Deckled Edge]",15.0,Non Fiction
Cheryl Strayed,2012,4.4,17044,Wild: From Lost to Found on the Pacific Crest Trail,18.0,Non Fiction
Chip Gaines,2016,4.9,7861,The Magnolia Story,5.0,Non Fiction
Chip Heath,2010,4.6,1907,Switch: How to Change Things When Change Is Hard,13.0,Non Fiction
Chris Cleave,2010,4.1,1467,Little Bee: A Novel,10.0,Fiction
Chris Kyle,2015,4.6,15921,American Sniper: The Autobiography of the Most Lethal Sniper in U.S. Military History,9.0,Non Fiction
Chrissy Teigen,2016,4.7,4761,Cravings: Recipes for All the Food You Want to Eat: A Cookbook,16.0,Non Fiction
Christina Baker Kline,2014,4.6,21930,Orphan Train,11.0,Fiction
Christopher Paolini,2011,4.6,5299,Inheritance: Book IV (Inheritance Cycle),20.0,Fiction
Coloring Books for Adults,2015,4.5,2426,"Adult Coloring Books: A Coloring Book for Adults Featuring Mandalas and Henna Inspired Flowers, Animals, and Paisley…",8.0,Non Fiction
Craig Smith,2018,4.8,30183,The Wonky Donkey,4.0,Fiction
Craig Smith,2019,4.8,30183,The Wonky Donkey,4.0,Fiction
Crispin Boyer,2019,4.8,5347,"National Geographic Kids Why?: Over 1,111 Answers to Everything",16.0,Non Fiction
DK,2014,4.5,2586,Ultimate Sticker Book: Frozen: More Than 60 Reusable Full-Color Stickers,5.0,Fiction
DK,2015,4.6,5360,Baby Touch and Feel: Animals,5.0,Non Fiction
Dale Carnegie,2014,4.7,25001,How to Win Friends & Influence People,11.0,Non Fiction
Dale Carnegie,2015,4.7,25001,How to Win Friends & Influence People,11.0,Non Fiction
Dale Carnegie,2016,4.7,25001,How to Win Friends & Influence People,11.0,Non Fiction
Dale Carnegie,2017,4.7,25001,How to Win Friends & Influence People,11.0,Non Fiction
Dale Carnegie,2018,4.7,25001,How to Win Friends & Influence People,11.0,Non Fiction
Dan Brown,2009,4.2,8747,The Lost Symbol,19.0,Fiction
Dan Brown,2013,4.1,29651,Inferno,14.0,Fiction
Dan Brown,2017,4.3,18904,Origin: A Novel (Robert Langdon),13.0,Fiction
Daniel H. Pink,2010,4.5,2525,Drive: The Surprising Truth About What Motivates Us,16.0,Non Fiction
Daniel James Brown,2014,4.8,23358,The Boys in the Boat: Nine Americans and Their Epic Quest for Gold at the 1936 Berlin Olympics,12.0,Non Fiction
Daniel James Brown,2015,4.8,23358,The Boys in the Boat: Nine Americans and Their Epic Quest for Gold at the 1936 Berlin Olympics,12.0,Non Fiction
Daniel Kahneman,2011,4.6,11034,"Thinking, Fast and Slow",19.0,Non Fiction
Daniel Kahneman,2012,4.6,11034,"Thinking, Fast and Slow",19.0,Non Fiction
Daniel Lipkowitz,2011,4.4,4247,The Lego Ideas Book: Unlock Your Imagination,13.0,Non Fiction
Daniel Lipkowitz,2012,4.4,4247,The Lego Ideas Book: Unlock Your Imagination,13.0,Non Fiction
Dav Pilkey,2017,4.9,4786,Dog Man: A Tale of Two Kitties: From the Creator of Captain Underpants (Dog Man #3),8.0,Fiction
Dav Pilkey,2018,4.9,5062,Dog Man and Cat Kid: From the Creator of Captain Underpants (Dog Man #4),6.0,Fiction
Dav Pilkey,2018,4.9,5470,Dog Man: Lord of the Fleas: From the Creator of Captain Underpants (Dog Man #5),6.0,Fiction
Dav Pilkey,2018,4.9,7235,Dog Man: Brawl of the Wild: From the Creator of Captain Underpants (Dog Man #6),4.0,Fiction
Dav Pilkey,2019,4.9,7235,Dog Man: Brawl of the Wild: From the Creator of Captain Underpants (Dog Man #6),4.0,Fiction
Dav Pilkey,2019,4.9,9089,Dog Man: For Whom the Ball Rolls: From the Creator of Captain Underpants (Dog Man #7),8.0,Fiction
Dav Pilkey,2019,4.9,12619,Dog Man: Fetch-22: From the Creator of Captain Underpants (Dog Man #8),8.0,Fiction
Dave Ramsey,2019,4.7,11550,The Total Money Makeover: Classic Edition: A Proven Plan for Financial Fitness,10.0,Non Fiction
David Goggins,2019,4.8,16244,Can't Hurt Me: Master Your Mind and Defy the Odds,18.0,Non Fiction
David Grann,2017,4.6,8393,Killers of the Flower Moon: The Osage Murders and the Birth of the FBI,17.0,Non Fiction
David McCullough,2015,4.7,6169,The Wright Brothers,16.0,Non Fiction
David Perlmutter MD,2014,4.6,5972,"Grain Brain: The Surprising Truth about Wheat, Carbs, and Sugar--Your Brain's Silent Killers",10.0,Non Fiction
David Platt,2010,4.7,1985,Radical: Taking Back Your Faith from the American Dream,9.0,Non Fiction
David Platt,2011,4.7,1985,Radical: Taking Back Your Faith from the American Dream,9.0,Non Fiction
David Zinczenko,2009,4.3,956,"Eat This, Not That! Thousands of Simple Food Swaps that Can Save You 10, 20, 30 Pounds--or More!",14.0,Non Fiction
David Zinczenko,2009,4.5,720,Eat This Not That! Supermarket Survival Guide: The No-Diet Weight Loss Solution,1.0,Non Fiction
Deborah Diesen,2017,4.8,9784,The Pout-Pout Fish,5.0,Fiction
Deborah Diesen,2018,4.8,9784,The Pout-Pout Fish,5.0,Fiction
Delia Owens,2019,4.8,87841,Where the Crawdads Sing,15.0,Fiction
Dinah Bucholz,2019,4.7,9030,The Unofficial Harry Potter Cookbook: From Cauldron Cakes to Knickerbocker Glory--More Than 150 Magical Recipes for…,10.0,Non Fiction
Don Miguel Ruiz,2013,4.7,23308,The Four Agreements: A Practical Guide to Personal Freedom (A Toltec Wisdom Book),6.0,Non Fiction
Don Miguel Ruiz,2015,4.7,23308,The Four Agreements: A Practical Guide to Personal Freedom (A Toltec Wisdom Book),6.0,Non Fiction
Don Miguel Ruiz,2016,4.7,23308,The Four Agreements: A Practical Guide to Personal Freedom (A Toltec Wisdom Book),6.0,Non Fiction
Don Miguel Ruiz,2017,4.7,23308,The Four Agreements: A Practical Guide to Personal Freedom (A Toltec Wisdom Book),6.0,Non Fiction
Don Miguel Ruiz,2018,4.7,23308,The Four Agreements: A Practical Guide to Personal Freedom (A Toltec Wisdom Book),6.0,Non Fiction
Don Miguel Ruiz,2019,4.7,23308,The Four Agreements: A Practical Guide to Personal Freedom (A Toltec Wisdom Book),6.0,Non Fiction
Donna Tartt,2013,3.9,33844,The Goldfinch: A Novel (Pulitzer Prize for Fiction),20.0,Fiction
Donna Tartt,2014,3.9,33844,The Goldfinch: A Novel (Pulitzer Prize for Fiction),20.0,Fiction
Doug Lemov,2010,4.4,637,Teach Like a Champion: 49 Techniques that Put Students on the Path to College,20.0,Non Fiction
Doug Lemov,2011,4.4,637,Teach Like a Champion: 49 Techniques that Put Students on the Path to College,20.0,Non Fiction
Dr. Seuss,2012,4.9,21834,"Oh, the Places You'll Go!",8.0,Fiction
Dr. Seuss,2013,4.9,21834,"Oh, the Places You'll Go!",8.0,Fiction
Dr. Seuss,2014,4.9,21834,"Oh, the Places You'll Go!",8.0,Fiction
Dr. Seuss,2015,4.7,1873,What Pet Should I Get? (Classic Seuss),14.0,Fiction
Dr. Seuss,2015,4.9,21834,"Oh, the Places You'll Go!",8.0,Fiction
Dr. Seuss,2016,4.9,21834,"Oh, the Places You'll Go!",8.0,Fiction
Dr. Seuss,2017,4.9,21834,"Oh, the Places You'll Go!",8.0,Fiction
Dr. Seuss,2018,4.9,21834,"Oh, the Places You'll Go!",8.0,Fiction
Dr. Seuss,2019,4.9,21834,"Oh, the Places You'll Go!",8.0,Fiction
Dr. Steven R Gundry MD,2018,4.4,7058,"The Plant Paradox: The Hidden Dangers in ""Healthy"" Foods That Cause Disease and Weight Gain",17.0,Non Fiction
Dr. Steven R Gundry MD,2018,4.5,3601,"The Plant Paradox Cookbook: 100 Delicious Recipes to Help You Lose Weight, Heal Your Gut, and Live Lectin-Free",18.0,Non Fiction
Drew Daywalt,2013,4.8,8922,The Day the Crayons Quit,9.0,Fiction
Drew Daywalt,2014,4.8,8922,The Day the Crayons Quit,9.0,Fiction
Drew Daywalt,2015,4.8,8922,The Day the Crayons Quit,9.0,Fiction
E L James,2012,3.8,47265,Fifty Shades of Grey: Book One of the Fifty Shades Trilogy (Fifty Shades of Grey Series),14.0,Fiction
E L James,2012,4.4,23631,Fifty Shades Darker,7.0,Fiction
E L James,2012,4.5,13964,Fifty Shades Trilogy (Fifty Shades of Grey / Fifty Shades Darker / Fifty Shades Freed),32.0,Fiction
E L James,2012,4.5,20262,Fifty Shades Freed: Book Three of the Fifty Shades Trilogy (Fifty Shades of Grey Series) (English Edition),11.0,Fiction
E L James,2013,3.8,47265,Fifty Shades of Grey: Book One of the Fifty Shades Trilogy (Fifty Shades of Grey Series),14.0,Fiction
E L James,2015,4.4,25624,Grey: Fifty Shades of Grey as Told by Christian (Fifty Shades of Grey Series),14.0,Fiction
Eben Alexander,2012,4.3,13616,Proof of Heaven: A Neurosurgeon's Journey into the Afterlife,10.0,Non Fiction
Eben Alexander,2013,4.3,13616,Proof of Heaven: A Neurosurgeon's Journey into the Afterlife,10.0,Non Fiction
Edward Klein,2012,4.6,2580,The Amateur,9.0,Non Fiction
Edward M. Kennedy,2009,4.5,438,True Compass: A Memoir,15.0,Non Fiction
Elie Wiesel,2016,4.7,5178,Night (Night),9.0,Non Fiction
Elizabeth Strout,2009,4.2,4519,Olive Kitteridge,12.0,Fiction
Emily Winfield Martin,2016,4.9,8842,The Wonderful Things You Will Be,10.0,Fiction
Emily Winfield Martin,2017,4.9,8842,The Wonderful Things You Will Be,10.0,Fiction
Emily Winfield Martin,2018,4.9,8842,The Wonderful Things You Will Be,10.0,Fiction
Emily Winfield Martin,2019,4.9,8842,The Wonderful Things You Will Be,10.0,Fiction
Eric Carle,2013,4.9,19546,The Very Hungry Caterpillar,5.0,Fiction
Eric Carle,2014,4.9,19546,The Very Hungry Caterpillar,5.0,Fiction
Eric Carle,2015,4.9,19546,The Very Hungry Caterpillar,5.0,Fiction
Eric Carle,2016,4.9,19546,The Very Hungry Caterpillar,5.0,Fiction
Eric Carle,2017,4.9,19546,The Very Hungry Caterpillar,5.0,Fiction
Eric Carle,2018,4.9,19546,The Very Hungry Caterpillar,5.0,Fiction
Eric Carle,2019,4.9,19546,The Very Hungry Caterpillar,5.0,Fiction
Eric Larson,2011,4.4,4571,"In the Garden of Beasts: Love, Terror, and an American Family in Hitler's Berlin",21.0,Non Fiction
Ernest Cline,2017,4.6,22536,Ready Player One: A Novel,12.0,Fiction
Ernest Cline,2018,4.6,22536,Ready Player One: A Novel,12.0,Fiction
F. A. Hayek,2010,4.6,1204,"The Road to Serfdom: Text and Documents--The Definitive Edition (The Collected Works of F. A. Hayek, Volume 2)",14.0,Non Fiction
F. Scott Fitzgerald,2012,4.4,11616,The Great Gatsby,7.0,Fiction
F. Scott Fitzgerald,2013,4.4,11616,The Great Gatsby,7.0,Fiction
F. Scott Fitzgerald,2014,4.4,11616,The Great Gatsby,7.0,Fiction
Francis Chan,2009,4.7,1542,Crazy Love: Overwhelmed by a Relentless God,14.0,Non Fiction
Francis Chan,2010,4.7,1542,Crazy Love: Overwhelmed by a Relentless God,14.0,Non Fiction
Francis Chan,2011,4.7,1542,Crazy Love: Overwhelmed by a Relentless God,14.0,Non Fiction
Fredrik Backman,2016,4.6,23848,A Man Called Ove: A Novel,8.0,Fiction
Fredrik Backman,2017,4.6,23848,A Man Called Ove: A Novel,8.0,Fiction
Gallup,2009,4.0,5069,StrengthsFinder 2.0,17.0,Non Fiction
Gallup,2010,4.0,5069,StrengthsFinder 2.0,17.0,Non Fiction
Gallup,2011,4.0,5069,StrengthsFinder 2.0,17.0,Non Fiction
Gallup,2012,4.0,5069,StrengthsFinder 2.0,17.0,Non Fiction
Gallup,2013,4.0,5069,StrengthsFinder 2.0,17.0,Non Fiction
Gallup,2014,4.0,5069,StrengthsFinder 2.0,17.0,Non Fiction
Gallup,2015,4.0,5069,StrengthsFinder 2.0,17.0,Non Fiction
Gallup,2016,4.0,5069,StrengthsFinder 2.0,17.0,Non Fiction
Gallup,2017,4.0,5069,StrengthsFinder 2.0,17.0,Non Fiction
Garth Stein,2010,4.7,11813,The Art of Racing in the Rain: A Novel,10.0,Fiction
Garth Stein,2011,4.7,11813,The Art of Racing in the Rain: A Novel,10.0,Fiction
Gary Chapman,2009,4.6,803,The Five Love Languages: How to Express Heartfelt Commitment to Your Mate,9.0,Non Fiction
Gary Chapman,2010,4.7,3477,The 5 Love Languages: The Secret to Love That Lasts,28.0,Non Fiction
Gary Chapman,2011,4.7,3477,The 5 Love Languages: The Secret to Love That Lasts,28.0,Non Fiction
Gary Chapman,2012,4.7,3477,The 5 Love Languages: The Secret to Love That Lasts,28.0,Non Fiction
Gary Chapman,2013,4.7,3477,The 5 Love Languages: The Secret to Love That Lasts,28.0,Non Fiction
Gary Chapman,2014,4.7,3477,The 5 Love Languages: The Secret to Love That Lasts,28.0,Non Fiction
Gary Chapman,2015,4.8,25554,The 5 Love Languages: The Secret to Love that Lasts,8.0,Non Fiction
Gary Chapman,2016,4.8,25554,The 5 Love Languages: The Secret to Love that Lasts,8.0,Non Fiction
Gary Chapman,2017,4.8,25554,The 5 Love Languages: The Secret to Love that Lasts,8.0,Non Fiction
Gary Chapman,2018,4.8,25554,The 5 Love Languages: The Secret to Love that Lasts,8.0,Non Fiction
Gary Chapman,2019,4.8,25554,The 5 Love Languages: The Secret to Love that Lasts,8.0,Non Fiction
Gayle Forman,2014,4.3,7153,If I Stay,9.0,Fiction
Geneen Roth,2010,4.2,1302,Women Food and God: An Unexpected Path to Almost Everything,11.0,Non Fiction
George Orwell,2017,4.7,21424,1984 (Signet Classics),6.0,Fiction
George R. R. Martin,2011,4.4,12643,A Dance with Dragons (A Song of Ice and Fire),11.0,Fiction
George R. R. Martin,2014,4.7,19735,A Game of Thrones / A Clash of Kings / A Storm of Swords / A Feast of Crows / A Dance with Dragons,30.0,Fiction
George R.R. Martin,2011,4.6,5594,Game of Thrones Boxed Set: A Game of Thrones/A Clash of Kings/A Storm of Swords/A Feast for Crows,5.0,Fiction
George R.R. Martin,2012,4.6,5594,Game of Thrones Boxed Set: A Game of Thrones/A Clash of Kings/A Storm of Swords/A Feast for Crows,5.0,Fiction
George R.R. Martin,2013,4.6,5594,Game of Thrones Boxed Set: A Game of Thrones/A Clash of Kings/A Storm of Swords/A Feast for Crows,5.0,Fiction
George W. Bush,2010,4.6,2137,Decision Points,17.0,Non Fiction
Giles Andreae,2015,4.8,14038,Giraffes Can't Dance,4.0,Fiction
Giles Andreae,2016,4.8,14038,Giraffes Can't Dance,4.0,Fiction
Giles Andreae,2017,4.8,14038,Giraffes Can't Dance,4.0,Fiction
Giles Andreae,2018,4.8,14038,Giraffes Can't Dance,4.0,Fiction
Giles Andreae,2019,4.8,14038,Giraffes Can't Dance,4.0,Fiction
Gillian Flynn,2012,4.0,57271,Gone Girl,10.0,Fiction
Gillian Flynn,2013,4.0,57271,Gone Girl,10.0,Fiction
Gillian Flynn,2014,4.0,57271,Gone Girl,9.0,Fiction
Glenn Beck,2009,4.6,798,Arguing with Idiots: How to Stop Small Minds and Big Government,5.0,Non Fiction
Glenn Beck,2009,4.6,1365,"Glenn Beck's Common Sense: The Case Against an Out-of-Control Government, Inspired by Thomas Paine",11.0,Non Fiction
Glenn Beck,2010,4.5,471,"Broke: The Plan to Restore Our Trust, Truth and Treasure",8.0,Non Fiction
Golden Books,2017,4.8,4757,Puppy Birthday to You! (Paw Patrol) (Little Golden Book),4.0,Fiction
Greg Mortenson,2009,4.3,3319,Three Cups of Tea: One Man's Mission to Promote Peace - One School at a Time,11.0,Non Fiction
Greg Mortenson,2010,4.3,3319,Three Cups of Tea: One Man's Mission to Promote Peace - One School at a Time,11.0,Non Fiction
Harper Lee,2013,4.8,26234,To Kill a Mockingbird,7.0,Fiction
Harper Lee,2014,4.8,26234,To Kill a Mockingbird,7.0,Fiction
Harper Lee,2015,3.6,14982,Go Set a Watchman: A Novel,19.0,Fiction
Harper Lee,2015,4.8,26234,To Kill a Mockingbird,7.0,Fiction
Harper Lee,2016,4.8,26234,To Kill a Mockingbird,7.0,Fiction
Harper Lee,2019,4.8,26234,To Kill a Mockingbird,7.0,Fiction
Heidi Murkoff,2011,4.4,3341,What to Expect When You're Expecting,9.0,Non Fiction
Hillary Rodham Clinton,2017,4.6,5492,What Happened,18.0,Non Fiction
Hopscotch Girls,2019,4.8,9737,"I Am Confident, Brave & Beautiful: A Coloring Book for Girls",7.0,Non Fiction
Howard Stern,2019,4.3,5272,Howard Stern Comes Again,16.0,Non Fiction
Ian K. Smith M.D.,2013,4.1,2272,Shred: The Revolutionary Diet: 6 Weeks 4 Inches 2 Sizes,6.0,Non Fiction
Ina Garten,2010,4.7,615,"Barefoot Contessa, How Easy Is That?: Fabulous Recipes & Easy Tips",21.0,Non Fiction
Ina Garten,2012,4.8,1296,Barefoot Contessa Foolproof: Recipes You Can Trust: A Cookbook,24.0,Non Fiction
Ina Garten,2014,4.5,1386,Make It Ahead: A Barefoot Contessa Cookbook,20.0,Non Fiction
J. D. Vance,2016,4.4,15526,Hillbilly Elegy: A Memoir of a Family and Culture in Crisis,14.0,Non Fiction
J. D. Vance,2017,4.4,15526,Hillbilly Elegy: A Memoir of a Family and Culture in Crisis,14.0,Non Fiction
J. K. Rowling,2016,4.8,13471,Harry Potter Paperback Box Set (Books 1-7),52.0,Fiction
J. K. Rowling,2019,4.9,7758,"Harry Potter and the Goblet of Fire: The Illustrated Edition (Harry Potter, Book 4) (4)",18.0,Fiction
J.K. Rowling,2012,3.3,9372,The Casual Vacancy,12.0,Fiction
J.K. Rowling,2016,4.0,23973,"Harry Potter and the Cursed Child, Parts 1 & 2, Special Rehearsal Edition Script",12.0,Fiction
J.K. Rowling,2016,4.7,4370,Fantastic Beasts and Where to Find Them: The Original Screenplay (Harry Potter),15.0,Fiction
J.K. Rowling,2016,4.9,10052,"Harry Potter and the Sorcerer's Stone: The Illustrated Edition (Harry Potter, Book 1)",22.0,Fiction
J.K. Rowling,2016,4.9,19622,"Harry Potter and the Chamber of Secrets: The Illustrated Edition (Harry Potter, Book 2)",30.0,Fiction
J.K. Rowling,2017,4.9,3146,"Harry Potter and the Prisoner of Azkaban: The Illustrated Edition (Harry Potter, Book 3)",30.0,Fiction
JJ Smith,2016,4.7,17350,10-Day Green Smoothie Cleanse,8.0,Non Fiction
James Comey,2018,4.7,5983,"A Higher Loyalty: Truth, Lies, and Leadership",3.0,Non Fiction
James Dashner,2014,4.5,10101,The Maze Runner (Book 1),8.0,Fiction
James Patterson,2009,4.6,1320,"I, Alex Cross",7.0,Fiction
James Patterson,2018,4.3,10191,The President Is Missing: A Novel,18.0,Fiction
Jay Asher,2017,4.5,7932,Thirteen Reasons Why,9.0,Fiction
Jaycee Dugard,2011,4.6,4149,A Stolen Life: A Memoir,32.0,Non Fiction
Jeff Kinney,2009,4.8,3181,"Dog Days (Diary of a Wimpy Kid, Book 4) (Volume 4)",12.0,Fiction
Jeff Kinney,2009,4.8,3837,Diary of a Wimpy Kid: The Last Straw (Book 3),15.0,Fiction
Jeff Kinney,2010,4.8,3796,"The Ugly Truth (Diary of a Wimpy Kid, Book 5)",12.0,Fiction
Jeff Kinney,2012,4.7,6377,"The Third Wheel (Diary of a Wimpy Kid, Book 7)",7.0,Fiction
Jeff Kinney,2014,4.8,6540,Diary of a Wimpy Kid: The Long Haul,22.0,Fiction
Jeff Kinney,2015,4.8,6169,Old School (Diary of a Wimpy Kid #10),7.0,Fiction
Jeff Kinney,2016,4.8,5118,Double Down (Diary of a Wimpy Kid #11),20.0,Fiction
Jeff Kinney,2018,4.8,5898,The Meltdown (Diary of a Wimpy Kid Book 13),8.0,Fiction
Jeff Kinney,2019,4.9,9413,Wrecking Ball (Diary of a Wimpy Kid Book 14),8.0,Fiction
Jen Sincero,2016,4.7,14331,You Are a Badass: How to Stop Doubting Your Greatness and Start Living an Awesome Life,8.0,Non Fiction
Jen Sincero,2017,4.7,14331,You Are a Badass: How to Stop Doubting Your Greatness and Start Living an Awesome Life,8.0,Non Fiction
Jen Sincero,2018,4.7,14331,You Are a Badass: How to Stop Doubting Your Greatness and Start Living an Awesome Life,8.0,Non Fiction
Jen Sincero,2019,4.7,14331,You Are a Badass: How to Stop Doubting Your Greatness and Start Living an Awesome Life,8.0,Non Fiction
Jennifer Smith,2018,4.4,7396,Instant Pot Pressure Cooker Cookbook: 500 Everyday Recipes for Beginners and Advanced Users. Try Easy and Healthy…,13.0,Non Fiction
Jennifer Smith,2019,4.4,7396,Instant Pot Pressure Cooker Cookbook: 500 Everyday Recipes for Beginners and Advanced Users. Try Easy and Healthy…,13.0,Non Fiction
Jill Twiss,2018,4.9,11881,"Last Week Tonight with John Oliver Presents A Day in the Life of Marlon Bundo (Better Bundo Book, LGBT Childrens Book)",13.0,Fiction
Jim Collins,2009,4.5,3457,Good to Great: Why Some Companies Make the Leap and Others Don't,14.0,Non Fiction
Jim Collins,2010,4.5,3457,Good to Great: Why Some Companies Make the Leap and Others Don't,14.0,Non Fiction
Jim Collins,2011,4.5,3457,Good to Great: Why Some Companies Make the Leap and Others Don't,14.0,Non Fiction
Jim Collins,2012,4.5,3457,Good to Great: Why Some Companies Make the Leap and Others Don't,14.0,Non Fiction
Joanna Gaines,2018,4.8,3776,Homebody: A Guide to Creating Spaces You Never Want to Leave,22.0,Non Fiction
Joanna Gaines,2018,4.8,9867,Magnolia Table: A Collection of Recipes for Gathering,16.0,Non Fiction
Joel Fuhrman MD,2011,4.5,6346,"Eat to Live: The Amazing Nutrient-Rich Program for Fast and Sustained Weight Loss, Revised Edition",9.0,Non Fiction
Joel Fuhrman MD,2012,4.5,6346,"Eat to Live: The Amazing Nutrient-Rich Program for Fast and Sustained Weight Loss, Revised Edition",9.0,Non Fiction
Johanna Basford,2015,4.7,5413,"Enchanted Forest: An Inky Quest and Coloring book (Activity Books, Mindfulness and Meditation, Illustrated Floral Prints…",9.0,Non Fiction
Johanna Basford,2015,4.7,9366,"Secret Garden: An Inky Treasure Hunt and Coloring Book (For Adults, mindfulness coloring)",9.0,Non Fiction
John Green,2012,4.7,50482,The Fault in Our Stars,13.0,Fiction
John Green,2013,4.7,50482,The Fault in Our Stars,13.0,Fiction
John Green,2014,4.5,8491,Looking for Alaska,7.0,Fiction
John Green,2014,4.7,50482,The Fault in Our Stars,10.0,Fiction
John Grisham,2010,4.3,3523,The Confession: A Novel,13.0,Fiction
John Grisham,2011,4.4,6222,The Litigators,18.0,Fiction
John Grisham,2012,4.3,14493,The Racketeer,18.0,Fiction
John Grisham,2013,4.5,23114,Sycamore Row (Jake Brigance),18.0,Fiction
John Grisham,2019,4.5,13609,The Guardians: A Novel,14.0,Fiction
John Heilemann,2010,4.4,1215,"Game Change: Obama and the Clintons, McCain and Palin, and the Race of a Lifetime",9.0,Non Fiction
Jon Meacham,2012,4.5,1904,Thomas Jefferson: The Art of Power,23.0,Non Fiction
Jon Stewart,2010,4.4,440,The Daily Show with Jon Stewart Presents Earth (The Book): A Visitor's Guide to the Human Race,11.0,Non Fiction
Jonathan Cahn,2012,4.6,11098,The Harbinger: The Ancient Mystery that Holds the Secret of America's Future,13.0,Fiction
Jordan B. Peterson,2018,4.7,18979,12 Rules for Life: An Antidote to Chaos,15.0,Non Fiction
Julia Child,2009,4.8,2926,"Mastering the Art of French Cooking, Vol. 2",27.0,Non Fiction
Justin Halpern,2010,4.7,1265,Sh*t My Dad Says,11.0,Non Fiction
Kathryn Stockett,2009,4.8,13871,The Help,6.0,Fiction
Kathryn Stockett,2010,4.8,13871,The Help,6.0,Fiction
Kathryn Stockett,2011,4.8,13871,The Help,7.5,Fiction
Keith Richards,2010,4.5,2752,Life,18.0,Non Fiction
Ken Follett,2012,4.5,10760,Winter of the World: Book Two of the Century Trilogy,15.0,Fiction
Kevin Kwan,2018,4.3,6143,Crazy Rich Asians (Crazy Rich Asians Trilogy),8.0,Fiction
Khaled Hosseini,2013,4.3,12159,And the Mountains Echoed,13.0,Fiction
Kristin Hannah,2015,4.8,49288,The Nightingale: A Novel,11.0,Fiction
Kristin Hannah,2016,4.8,49288,The Nightingale: A Novel,11.0,Fiction
Larry Schweikart,2010,4.6,460,A Patriot's History of the United States: From Columbus's Great Discovery to the War on Terror,2.0,Non Fiction
Laura Hillenbrand,2010,4.8,29673,"Unbroken: A World War II Story of Survival, Resilience, and Redemption",16.0,Non Fiction
Laura Hillenbrand,2011,4.8,29673,"Unbroken: A World War II Story of Survival, Resilience, and Redemption",16.0,Non Fiction
Laura Hillenbrand,2012,4.8,29673,"Unbroken: A World War II Story of Survival, Resilience, and Redemption",16.0,Non Fiction
Laura Hillenbrand,2014,4.8,29673,"Unbroken: A World War II Story of Survival, Resilience, and Redemption",14.5,Non Fiction
Laurel Randolph,2017,4.3,7368,The Instant Pot Electric Pressure Cooker Cookbook: Easy Recipes for Fast & Healthy Meals,7.0,Non Fiction
Laurel Randolph,2018,4.3,7368,The Instant Pot Electric Pressure Cooker Cookbook: Easy Recipes for Fast & Healthy Meals,7.0,Non Fiction
Lin-Manuel Miranda,2016,4.9,5867,Hamilton: The Revolution,54.0,Non Fiction
Lysa TerKeurst,2016,4.7,4585,"Uninvited: Living Loved When You Feel Less Than, Left Out, and Lonely",9.0,Non Fiction
Lysa TerKeurst,2019,4.8,7062,It's Not Supposed to Be This Way: Finding Unexpected Strength When Disappointments Leave You Shattered,12.0,Non Fiction
M Prefontaine,2019,4.6,7955,Difficult Riddles For Smart Kids: 300 Difficult Riddles And Brain Teasers Families Will Love (Books for Smart Kids),5.0,Non Fiction
Madeleine L'Engle,2018,4.5,5153,A Wrinkle in Time (Time Quintet),5.0,Fiction
Malcolm Gladwell,2009,4.4,3503,The Tipping Point: How Little Things Can Make a Big Difference,9.0,Non Fiction
Malcolm Gladwell,2009,4.6,10426,Outliers: The Story of Success,20.0,Non Fiction
Malcolm Gladwell,2010,4.6,10426,Outliers: The Story of Success,20.0,Non Fiction
Malcolm Gladwell,2013,4.4,4642,"David and Goliath: Underdogs, Misfits, and the Art of Battling Giants",13.0,Non Fiction
Margaret Atwood,2017,4.3,29442,The Handmaid's Tale,7.0,Fiction
Margaret Wise Brown,2017,4.8,8837,Goodnight Moon,5.0,Fiction
Margaret Wise Brown,2018,4.8,8837,Goodnight Moon,5.0,Fiction
Margaret Wise Brown,2019,4.8,8837,Goodnight Moon,5.0,Fiction
Marie Kondō,2015,4.5,22641,The Life-Changing Magic of Tidying Up: The Japanese Art of Decluttering and Organizing,11.0,Non Fiction
Marie Kondō,2016,4.5,22641,The Life-Changing Magic of Tidying Up: The Japanese Art of Decluttering and Organizing,11.0,Non Fiction
Marie Kondō,2017,4.5,22641,The Life-Changing Magic of Tidying Up: The Japanese Art of Decluttering and Organizing,11.0,Non Fiction
Marie Kondō,2019,4.5,22641,The Life-Changing Magic of Tidying Up: The Japanese Art of Decluttering and Organizing,11.0,Non Fiction
Marjorie Sarnat,2015,4.8,3871,Creative Haven Owls Coloring Book (Adult Coloring),5.0,Non Fiction
Marjorie Sarnat,2015,4.8,4022,Creative Haven Creative Cats Coloring Book (Adult Coloring),4.0,Non Fiction
Mark Hyman M.D.,2012,4.2,1789,"The Blood Sugar Solution: The UltraHealthy Program for Losing Weight, Preventing Disease, and Feeling Great Now!",14.0,Non Fiction
Mark Manson,2017,4.6,26490,The Subtle Art of Not Giving a F*ck: A Counterintuitive Approach to Living a Good Life,15.0,Non Fiction
Mark Manson,2018,4.6,26490,The Subtle Art of Not Giving a F*ck: A Counterintuitive Approach to Living a Good Life,15.0,Non Fiction
Mark Manson,2019,4.6,26490,The Subtle Art of Not Giving a F*ck: A Counterintuitive Approach to Living a Good Life,15.0,Non Fiction
Mark Owen,2012,4.6,8093,No Easy Day: The Autobiography of a Navy Seal: The Firsthand Account of the Mission That Killed Osama Bin Laden,14.0,Non Fiction
Mark R. Levin,2009,4.8,3828,Liberty and Tyranny: A Conservative Manifesto,15.0,Non Fiction
Mark R. Levin,2019,4.9,5956,Unfreedom of the Press,11.0,Non Fiction
Mark Twain,2010,4.2,491,"Autobiography of Mark Twain, Vol. 1",14.0,Non Fiction
Markus Zusak,2013,4.6,23148,The Book Thief,6.0,Fiction
Markus Zusak,2014,4.6,23148,The Book Thief,6.0,Fiction
Marty Noble,2015,4.6,2134,Dover Creative Haven Art Nouveau Animal Designs Coloring Book (Creative Haven Coloring Books),5.0,Non Fiction
Mary Ann Shaffer,2009,4.7,8587,The Guernsey Literary and Potato Peel Pie Society,10.0,Fiction
Maurice Sendak,2009,4.8,9967,Where the Wild Things Are,13.0,Fiction
Melissa Hartwig Urban,2015,4.6,7508,The Whole30: The 30-Day Guide to Total Health and Food Freedom,16.0,Non Fiction
Melissa Hartwig Urban,2016,4.6,7508,The Whole30: The 30-Day Guide to Total Health and Food Freedom,16.0,Non Fiction
Melissa Hartwig Urban,2017,4.6,7508,The Whole30: The 30-Day Guide to Total Health and Food Freedom,16.0,Non Fiction
Michael Lewis,2010,4.7,3536,The Big Short: Inside the Doomsday Machine,17.0,Non Fiction
Michael Pollan,2010,4.4,1555,Food Rules: An Eater's Manual,9.0,Non Fiction
Michael Wolff,2018,4.2,13677,Fire and Fury: Inside the Trump White House,6.0,Non Fiction
Michelle Obama,2018,4.8,61133,Becoming,11.0,Non Fiction
Michelle Obama,2019,4.8,61133,Becoming,11.0,Non Fiction
Mike Moreno,2011,4.3,2314,The 17 Day Diet: A Doctor's Plan Designed for Rapid Results,22.0,Non Fiction
Mitch Albom,2009,4.8,1930,Have a Little Faith: A True Story,4.0,Non Fiction
Muriel Barbery,2009,4.0,1859,The Elegance of the Hedgehog,11.0,Fiction
Naomi Kleinberg,2018,4.7,10820,P is for Potty! (Sesame Street) (Lift-the-Flap),5.0,Non Fiction
Naomi Kleinberg,2019,4.7,10820,P is for Potty! (Sesame Street) (Lift-the-Flap),5.0,Non Fiction
Nathan W. Pyle,2019,4.9,9382,Strange Planet (Strange Planet Series),6.0,Fiction
National Geographic Kids,2019,4.8,7665,"5,000 Awesome Facts (About Everything!) (National Geographic Kids)",12.0,Non Fiction
Neil deGrasse Tyson,2017,4.7,9374,Astrophysics for People in a Hurry,9.0,Non Fiction
Paper Peony Press,2018,4.4,7550,Lettering and Modern Calligraphy: A Beginner's Guide: Learn Hand Lettering and Brush Lettering,6.0,Non Fiction
Patrick Lencioni,2009,4.6,3207,The Five Dysfunctions of a Team: A Leadership Fable,6.0,Non Fiction
Patrick Lencioni,2010,4.6,3207,The Five Dysfunctions of a Team: A Leadership Fable,6.0,Non Fiction
Patrick Lencioni,2011,4.6,3207,The Five Dysfunctions of a Team: A Leadership Fable,6.0,Non Fiction
Patrick Lencioni,2012,4.6,3207,The Five Dysfunctions of a Team: A Leadership Fable,6.0,Non Fiction
Patrick Lencioni,2013,4.6,3207,The Five Dysfunctions of a Team: A Leadership Fable,6.0,Non Fiction
Patrick Thorpe,2013,4.9,5396,The Legend of Zelda: Hyrule Historia,20.0,Fiction
Paul Kalanithi,2016,4.8,13779,When Breath Becomes Air,14.0,Non Fiction
Paula Hawkins,2015,4.1,79446,The Girl on the Train,18.0,Fiction
Paula Hawkins,2016,4.1,79446,The Girl on the Train,7.0,Fiction
Paula McLain,2011,4.3,3759,The Paris Wife: A Novel,16.0,Fiction
Paulo Coelho,2014,4.7,35799,The Alchemist,39.0,Fiction
Pete Souza,2017,4.9,3192,Obama: An Intimate Portrait,22.0,Non Fiction
Peter A. Lillback,2010,4.5,408,George Washington's Sacred Fire,20.0,Non Fiction
Phil Robertson,2013,4.8,4148,"Happy, Happy, Happy: My Life and Legacy as the Duck Commander",11.0,Non Fiction
Pierre Dukan,2011,4.1,2023,"The Dukan Diet: 2 Steps to Lose the Weight, 2 Steps to Keep It Off Forever",15.0,Non Fiction
Pretty Simple Press,2019,4.6,10141,Good Days Start With Gratitude: A 52 Week Guide To Cultivate An Attitude Of Gratitude: Gratitude Journal,6.0,Non Fiction
R. J. Palacio,2013,4.8,21625,Wonder,9.0,Fiction
R. J. Palacio,2014,4.8,21625,Wonder,9.0,Fiction
R. J. Palacio,2015,4.8,21625,Wonder,9.0,Fiction
R. J. Palacio,2016,4.8,21625,Wonder,9.0,Fiction
R. J. Palacio,2017,4.8,21625,Wonder,9.0,Fiction
Rachel Hollis,2018,4.6,22288,"Girl, Wash Your Face: Stop Believing the Lies About Who You Are So You Can Become Who You Were Meant to Be",12.0,Non Fiction
Rachel Hollis,2019,4.6,7660,"Girl, Stop Apologizing: A Shame-Free Plan for Embracing and Achieving Your Goals",12.0,Non Fiction
Rachel Hollis,2019,4.6,22288,"Girl, Wash Your Face: Stop Believing the Lies About Who You Are So You Can Become Who You Were Meant to Be",12.0,Non Fiction
Raina Telgemeier,2019,4.8,5476,Guts,7.0,Non Fiction
Randall Munroe,2014,4.7,9292,What If?: Serious Scientific Answers to Absurd Hypothetical Questions,17.0,Non Fiction
Randy Pausch,2009,4.7,4028,The Last Lecture,9.0,Non Fiction
Ray Bradbury,2016,4.6,10721,Fahrenheit 451,8.0,Fiction
Ray Bradbury,2018,4.6,10721,Fahrenheit 451,8.0,Fiction
Rebecca Skloot,2010,4.7,9289,The Immortal Life of Henrietta Lacks,13.0,Non Fiction
Rebecca Skloot,2011,4.7,9289,The Immortal Life of Henrietta Lacks,9.0,Non Fiction
Rebecca Skloot,2012,4.7,9289,The Immortal Life of Henrietta Lacks,9.0,Non Fiction
Ree Drummond,2012,4.8,2876,The Pioneer Woman Cooks: Food from My Frontier,21.0,Non Fiction
Ree Drummond,2013,4.8,2663,"The Pioneer Woman Cooks: A Year of Holidays: 140 Step-by-Step Recipes for Simple, Scrumptious Celebrations",17.0,Non Fiction
Ree Drummond,2015,4.8,3428,"The Pioneer Woman Cooks: Dinnertime - Comfort Classics, Freezer Food, 16-minute Meals, and Other Delicious Ways to Solve…",14.0,Non Fiction
Rick Riordan,2009,4.8,4628,"The Last Olympian (Percy Jackson and the Olympians, Book 5)",7.0,Fiction
Rick Riordan,2010,4.6,2186,"The Red Pyramid (The Kane Chronicles, Book 1)",12.0,Fiction
Rick Riordan,2010,4.8,548,Percy Jackson and the Olympians Paperback Boxed Set (Books 1-3),2.0,Fiction
Rick Riordan,2010,4.8,4506,"The Lost Hero (Heroes of Olympus, Book 1)",14.0,Fiction
Rick Riordan,2010,4.8,4628,"The Last Olympian (Percy Jackson and the Olympians, Book 5)",7.0,Fiction
Rick Riordan,2011,4.7,1463,"The Throne of Fire (The Kane Chronicles, Book 2)",10.0,Fiction
Rick Riordan,2011,4.8,4290,"The Son of Neptune (Heroes of Olympus, Book 2)",10.0,Fiction
Rick Riordan,2012,4.8,2091,"The Serpent's Shadow (The Kane Chronicles, Book 3)",12.0,Fiction
Rick Riordan,2012,4.8,6247,"The Mark of Athena (Heroes of Olympus, Book 3)",10.0,Fiction
Rick Riordan,2013,4.8,6982,"The House of Hades (Heroes of Olympus, Book 4)",14.0,Fiction
Rick Riordan,2014,4.8,6600,The Blood of Olympus (The Heroes of Olympus (5)),11.0,Fiction
Rob Bell,2011,4.2,1649,"Love Wins: A Book About Heaven, Hell, and the Fate of Every Person Who Ever Lived",13.0,Non Fiction
Rob Elliott,2013,4.5,3673,Knock-Knock Jokes for Kids,4.0,Non Fiction
Rob Elliott,2013,4.6,6990,Laugh-Out-Loud Jokes for Kids,4.0,Non Fiction
Rob Elliott,2014,4.5,3673,Knock-Knock Jokes for Kids,4.0,Non Fiction
Rob Elliott,2014,4.6,6990,Laugh-Out-Loud Jokes for Kids,4.0,Non Fiction
Rob Elliott,2015,4.5,3673,Knock-Knock Jokes for Kids,4.0,Non Fiction
Rob Elliott,2015,4.6,6990,Laugh-Out-Loud Jokes for Kids,4.0,Non Fiction
Rob Elliott,2016,4.6,6990,Laugh-Out-Loud Jokes for Kids,4.0,Non Fiction
Rob Elliott,2017,4.6,6990,Laugh-Out-Loud Jokes for Kids,4.0,Non Fiction
Robert Jordan,2010,4.8,2282,"Towers of Midnight (Wheel of Time, Book Thirteen)",21.0,Fiction
Robert Munsch,2014,4.8,18613,Love You Forever,5.0,Fiction
Robert Munsch,2015,4.8,18613,Love You Forever,5.0,Fiction
Rod Campbell,2015,4.8,10922,Dear Zoo: A Lift-the-Flap Book,5.0,Fiction
Rod Campbell,2016,4.8,10922,Dear Zoo: A Lift-the-Flap Book,5.0,Fiction
Rod Campbell,2017,4.8,10922,Dear Zoo: A Lift-the-Flap Book,5.0,Fiction
Rod Campbell,2018,4.8,10922,Dear Zoo: A Lift-the-Flap Book,5.0,Fiction
Roger Priddy,2014,4.7,17323,First 100 Words,4.0,Non Fiction
Roger Priddy,2015,4.7,17323,First 100 Words,4.0,Non Fiction
Roger Priddy,2016,4.7,17323,First 100 Words,4.0,Non Fiction
Roger Priddy,2017,4.7,17323,First 100 Words,4.0,Non Fiction
Roger Priddy,2018,4.7,17323,First 100 Words,4.0,Non Fiction
Ron Chernow,2016,4.8,9198,Alexander Hamilton,13.0,Non Fiction
Rupi Kaur,2016,4.7,17739,Milk and Honey,8.0,Non Fiction
Rupi Kaur,2017,4.7,5487,The Sun and Her Flowers,9.0,Non Fiction
Rupi Kaur,2017,4.7,17739,Milk and Honey,8.0,Non Fiction
Rupi Kaur,2018,4.7,17739,Milk and Honey,8.0,Non Fiction
Rush Limbaugh,2013,4.9,7150,Rush Revere and the Brave Pilgrims: Time-Travel Adventures with Exceptional Americans (1),12.0,Fiction
Rush Limbaugh,2014,4.9,3836,Rush Revere and the First Patriots: Time-Travel Adventures With Exceptional Americans (2),12.0,Fiction
Samin Nosrat,2018,4.8,7802,"Salt, Fat, Acid, Heat: Mastering the Elements of Good Cooking",20.0,Non Fiction
Samin Nosrat,2019,4.8,7802,"Salt, Fat, Acid, Heat: Mastering the Elements of Good Cooking",20.0,Non Fiction
Sandra Boynton,2016,4.8,5249,The Going-To-Bed Book,5.0,Fiction
Sandra Boynton,2017,4.8,5249,The Going-To-Bed Book,5.0,Fiction
Sara Gruen,2011,4.5,8958,Water for Elephants: A Novel,12.0,Fiction
Sarah Palin,2009,4.6,1636,Going Rogue: An American Life,6.0,Non Fiction
Sarah Young,2011,4.9,19576,Jesus Calling: Enjoying Peace in His Presence (with Scripture References),8.0,Non Fiction
Sarah Young,2012,4.9,19576,Jesus Calling: Enjoying Peace in His Presence (with Scripture References),8.0,Non Fiction
Sarah Young,2013,4.9,19576,Jesus Calling: Enjoying Peace in His Presence (with Scripture References),8.0,Non Fiction
Sarah Young,2014,4.9,19576,Jesus Calling: Enjoying Peace in His Presence (with Scripture References),8.0,Non Fiction
Sarah Young,2015,4.9,19576,Jesus Calling: Enjoying Peace in His Presence (with Scripture References),8.0,Non Fiction
Sarah Young,2016,4.9,19576,Jesus Calling: Enjoying Peace in His Presence (with Scripture References),8.0,Non Fiction
Sasha O'Hara,2016,4.6,10369,Calm the F*ck Down: An Irreverent Adult Coloring Book (Irreverent Book Series),4.0,Non Fiction
Scholastic,2015,4.7,3564,Harry Potter Coloring Book,9.0,Non Fiction
Scholastic,2016,4.7,3503,Pokémon Deluxe Essential Handbook: The Need-to-Know Stats and Facts on Over 700 Pokémon,9.0,Fiction
School Zone,2018,4.8,23047,"School Zone - Big Preschool Workbook - Ages 4 and Up, Colors, Shapes, Numbers 1-10, Alphabet, Pre-Writing, Pre-Reading…",6.0,Non Fiction
School Zone,2019,4.8,23047,"School Zone - Big Preschool Workbook - Ages 4 and Up, Colors, Shapes, Numbers 1-10, Alphabet, Pre-Writing, Pre-Reading…",6.0,Non Fiction
Sherri Duskey Rinker,2012,4.9,7038,"Goodnight, Goodnight Construction Site (Hardcover Books for Toddlers, Preschool Books for Kids)",7.0,Fiction
Sherri Duskey Rinker,2013,4.9,7038,"Goodnight, Goodnight Construction Site (Hardcover Books for Toddlers, Preschool Books for Kids)",7.0,Fiction
Sheryl Sandberg,2013,4.5,6132,"Lean In: Women, Work, and the Will to Lead",13.0,Non Fiction
Sheryl Sandberg,2017,4.5,1831,"Option B: Facing Adversity, Building Resilience, and Finding Joy",9.0,Non Fiction
Silly Bear,2019,4.8,6108,Unicorn Coloring Book: For Kids Ages 4-8 (US Edition) (Silly Bear Coloring Books),4.0,Non Fiction
Stephen Kendrick,2009,4.8,1655,The Love Dare,13.0,Non Fiction
Stephen King,2009,4.3,6740,Under the Dome: A Novel,20.0,Fiction
Stephen King,2011,4.6,2052,11/22/63: A Novel,22.0,Fiction
Stephen King,2013,4.5,4748,Joyland (Hard Case Crime),12.0,Fiction
Stephen King,2013,4.7,15845,Doctor Sleep: A Novel,13.0,Fiction
Stephen R. Covey,2009,4.6,9325,The 7 Habits of Highly Effective People: Powerful Lessons in Personal Change,24.0,Non Fiction
Stephen R. Covey,2011,4.6,9325,The 7 Habits of Highly Effective People: Powerful Lessons in Personal Change,24.0,Non Fiction
Stephen R. Covey,2012,4.6,9325,The 7 Habits of Highly Effective People: Powerful Lessons in Personal Change,24.0,Non Fiction
Stephen R. Covey,2013,4.6,9325,The 7 Habits of Highly Effective People: Powerful Lessons in Personal Change,24.0,Non Fiction
Stephen R. Covey,2015,4.7,4725,The 7 Habits of Highly Effective People: Powerful Lessons in Personal Change,16.0,Non Fiction
Stephen R. Covey,2016,4.7,4725,The 7 Habits of Highly Effective People: Powerful Lessons in Personal Change,16.0,Non Fiction
Stephen R. Covey,2017,4.7,4725,The 7 Habits of Highly Effective People: Powerful Lessons in Personal Change,16.0,Non Fiction
Stephenie Meyer,2009,4.6,5680,New Moon (The Twilight Saga),10.0,Fiction
Stephenie Meyer,2009,4.6,9769,"Breaking Dawn (The Twilight Saga, Book 4)",13.0,Fiction
Stephenie Meyer,2009,4.7,3801,The Twilight Saga Collection,82.0,Fiction
Stephenie Meyer,2009,4.7,5505,Eclipse (Twilight Sagas),12.5,Fiction
Stephenie Meyer,2009,4.7,11676,"Twilight (The Twilight Saga, Book 1)",9.0,Fiction
Steve Harvey,2009,4.6,5013,"Act Like a Lady, Think Like a Man: What Men Really Think About Love, Relationships, Intimacy, and Commitment",17.0,Non Fiction
Steven D. Levitt,2009,4.5,1583,"Super Freakonomics: Global Cooling, Patriotic Prostitutes, and Why Suicide Bombers Should Buy Life Insurance",18.0,Non Fiction
Stieg Larsson,2009,4.4,10559,The Girl with the Dragon Tattoo (Millennium Series),2.0,Fiction
Stieg Larsson,2009,4.7,7251,The Girl Who Played with Fire (Millennium),16.0,Fiction
Stieg Larsson,2010,4.4,10559,The Girl with the Dragon Tattoo (Millennium Series),2.0,Fiction
Stieg Larsson,2010,4.7,7251,The Girl Who Played with Fire (Millennium Series),9.0,Fiction
Stieg Larsson,2010,4.7,7747,The Girl Who Kicked the Hornet's Nest (Millennium Trilogy),14.0,Fiction
Stieg Larsson,2011,4.7,7747,The Girl Who Kicked the Hornet's Nest (Millennium Trilogy),14.0,Fiction
Susan Cain,2012,4.6,10009,Quiet: The Power of Introverts in a World That Can't Stop Talking,20.0,Non Fiction
Susan Cain,2013,4.6,10009,Quiet: The Power of Introverts in a World That Can't Stop Talking,7.0,Non Fiction
Suzanne Collins,2010,4.5,26741,Mockingjay (The Hunger Games),8.0,Fiction
Suzanne Collins,2010,4.7,22614,Catching Fire (The Hunger Games),11.0,Fiction
Suzanne Collins,2010,4.7,32122,The Hunger Games,14.0,Fiction
Suzanne Collins,2011,4.5,26741,Mockingjay (The Hunger Games),8.0,Fiction
Suzanne Collins,2011,4.7,22614,Catching Fire (The Hunger Games),11.0,Fiction
Suzanne Collins,2011,4.7,32122,The Hunger Games (Book 1),8.0,Fiction
Suzanne Collins,2011,4.8,16949,The Hunger Games Trilogy Boxed Set (1),30.0,Fiction
Suzanne Collins,2012,4.5,26741,Mockingjay (The Hunger Games),8.0,Fiction
Suzanne Collins,2012,4.7,22614,Catching Fire (The Hunger Games),11.0,Fiction
Suzanne Collins,2012,4.7,32122,The Hunger Games (Book 1),8.0,Fiction
Suzanne Collins,2012,4.8,16949,The Hunger Games Trilogy Boxed Set (1),30.0,Fiction
Ta-Nehisi Coates,2015,4.7,10070,Between the World and Me,13.0,Non Fiction
Ta-Nehisi Coates,2016,4.7,10070,Between the World and Me,13.0,Non Fiction
Tara Westover,2018,4.7,28729,Educated: A Memoir,15.0,Non Fiction
Tara Westover,2019,4.7,28729,Educated: A Memoir,15.0,Non Fiction
Tatiana de Rosnay,2010,4.6,3619,Sarah's Key,10.0,Fiction
The College Board,2010,4.4,1201,The Official SAT Study Guide,40.0,Non Fiction
The College Board,2011,4.4,1201,The Official SAT Study Guide,40.0,Non Fiction
The College Board,2012,4.4,1201,The Official SAT Study Guide,40.0,Non Fiction
The College Board,2013,4.4,1201,The Official SAT Study Guide,40.0,Non Fiction
The College Board,2014,4.4,1201,The Official SAT Study Guide,40.0,Non Fiction
The College Board,2016,4.3,807,"The Official SAT Study Guide, 2016 Edition (Official Study Guide for the New Sat)",36.0,Non Fiction
The Staff of The Late Show with,2018,4.6,6669,Whose Boat Is This Boat?: Comments That Don't Help in the Aftermath of a Hurricane,12.0,Non Fiction
The Washington Post,2019,4.6,2744,The Mueller Report,12.0,Non Fiction
Thomas Campbell,2011,4.7,4633,The China Study: The Most Comprehensive Study of Nutrition Ever Conducted And the Startling Implications for Diet…,21.0,Non Fiction
Thomas Piketty,2014,4.5,2884,Capital in the Twenty First Century,28.0,Non Fiction
Thug Kitchen,2014,4.6,11128,Thug Kitchen: The Official Cookbook: Eat Like You Give a F*ck (Thug Kitchen Cookbooks),23.0,Non Fiction
Thug Kitchen,2015,4.6,11128,Thug Kitchen: The Official Cookbook: Eat Like You Give a F*ck (Thug Kitchen Cookbooks),23.0,Non Fiction
Thug Kitchen,2016,4.6,11128,Thug Kitchen: The Official Cookbook: Eat Like You Give a F*ck (Thug Kitchen Cookbooks),23.0,Non Fiction
Thug Kitchen,2017,4.6,11128,Thug Kitchen: The Official Cookbook: Eat Like You Give a F*ck (Thug Kitchen Cookbooks),23.0,Non Fiction
Timothy Ferriss,2011,4.3,4587,"The 4 Hour Body: An Uncommon Guide to Rapid Fat Loss, Incredible Sex and Becoming Superhuman",21.0,Non Fiction
Timothy Ferriss,2017,4.6,4360,"Tools of Titans: The Tactics, Routines, and Habits of Billionaires, Icons, and World-Class Performers",21.0,Non Fiction
Tina Fey,2011,4.3,5977,Tina Fey: Bossypants,12.0,Non Fiction
Todd Burpo,2011,4.7,15779,Heaven is for Real: A Little Boy's Astounding Story of His Trip to Heaven and Back,10.0,Non Fiction
Todd Burpo,2012,4.7,15779,Heaven is for Real: A Little Boy's Astounding Story of His Trip to Heaven and Back,10.0,Non Fiction
Tony Hsieh,2010,4.6,1651,"Delivering Happiness: A Path to Profits, Passion, and Purpose",15.0,Non Fiction
Tucker Carlson,2018,4.8,3923,Ship of Fools: How a Selfish Ruling Class Is Bringing America to the Brink of Revolution,16.0,Non Fiction
Veronica Roth,2013,3.9,6310,Allegiant,13.0,Fiction
Veronica Roth,2013,4.6,27098,Divergent,15.0,Fiction
Veronica Roth,2014,4.5,17684,Divergent / Insurgent,6.0,Fiction
Veronica Roth,2014,4.6,27098,Divergent,15.0,Fiction
W. Cleon Skousen,2009,4.8,1680,The 5000 Year Leap,12.0,Non Fiction
Walter Isaacson,2011,4.6,7827,Steve Jobs,20.0,Non Fiction
Walter Isaacson,2012,4.6,7827,Steve Jobs,20.0,Non Fiction
Walter Isaacson,2017,4.5,3014,Leonardo da Vinci,21.0,Non Fiction
William Davis,2012,4.4,7497,"Wheat Belly: Lose the Wheat, Lose the Weight, and Find Your Path Back to Health",6.0,Non Fiction
William Davis,2013,4.4,7497,"Wheat Belly: Lose the Wheat, Lose the Weight, and Find Your Path Back to Health",6.0,Non Fiction
William P. Young,2009,4.6,19720,The Shack: Where Tragedy Confronts Eternity,8.0,Fiction
William P. Young,2017,4.6,19720,The Shack: Where Tragedy Confronts Eternity,8.0,Fiction
Wizards RPG Team,2017,4.8,16990,Player's Handbook (Dungeons & Dragons),27.0,Fiction
Wizards RPG Team,2018,4.8,16990,Player's Handbook (Dungeons & Dragons),27.0,Fiction
Wizards RPG Team,2019,4.8,16990,Player's Handbook (Dungeons & Dragons),27.0,Fiction
Zhi Gang Sha,2009,4.6,37,"Divine Soul Mind Body Healing and Transmission System: The Divine Way to Heal You, Humanity, Mother Earth, and All…",6.0,Non Fiction
Zhi Gang Sha,2013,4.6,220,"Soul Healing Miracles: Ancient and New Sacred Wisdom, Knowledge, and Practical Techniques for Healing the Spiritual…",17.0,Non Fiction
